name,events
packetqc/knowledge,1001
cwbdayi638/knowledge,713
RKK222/notes,350
thejtf/notes,272
kdk0781/kb,256
regrow1123/notes,171
zcodxe/notes,165
gscanlon21/notes,141
sabertazimi/notes,129
Avciaziz/notes,127
mkandes/notes,126
Meeds-io/notes,126
VishalKumar1902/notes,125
irwanzi/notes,122
PTUCE/notes,121
rsaudio/second-brain,119
VismayBidwaik19/notes,119
Faisal651s/notes,117
nijulp/notes,115
Ragnonn/notes,113
EduardoCanda/second-brain,110
usman7424/org-roam-tree,108
TelecomDep/notes,107
yugoguy/org,107
evilgodfahim/org,106
sameert89/notes,101
Baghbaninfratechpvtltd/second-brain,97
BravishkaSkytano/notes,93
roger-padrell/notes,93
rupertsworld/notes,92
krokodil94/notes,91
uw-roamr/roamr,86
ling0x/notes,85
flatchestedhippy/notes-final-chapter,77
elizaOS/knowledge,77
Rhumatooleur/Notes-rhumatologie,77
Coxxon/notes-sonorisation,76
vamsyvrishank/dg-olee,74
novlan1/notes,69
daromi94/kb,69
joshbeckman/notes,67
Fils25git/Notes-Generation,64
gmaingret/notes,63
Rapperloco17/dg-picks,63
yashodercoder/second-brain,61
Imag-CN/Notes-of-Imag,61
GHAGDEEPPRAVIN/DG-JAVASCRIPT,59
ruan-cat/notes,58
scAB1001/notes-md,58
kter/notes,57
the-unknown-code/dg-retail,57
nvo987-art-history/knowledge,56
iharh/notes,56
jimmyhuydev/notes,55
ConfisaDEV/kb,55
roalcantara/kb,55
batguyblogs/Notes-host,54
jiegec/kb,54
realgeoffrey/knowledge,53
maks-oleksyuk/notes,53
iamtouchskyer/memex,52
yhun1542/braindump,51
James4Ever0/notes,51
shawnpetros/second-brain,51
sddtc/notes-online,49
andy03withai/second-brain,49
dejanvasic85/notes,49
data-89-berkeley/notes,48
ideas-pipeline/ideas,48
Baskar-B10/notes,47
jschalk/keg,44
aibangjuxin/knowledge,44
MBSokGT/kb-sits-booking,43
memex-paim/memex-paim,42
skingford/knowledge,42
emptyalley992/notes,42
scaleborg/second-brain,42
berbenzuel/notes,41
jonohrt/second-brain,40
ANSHUMANMOREY7/Notes-Store,40
gsxdsm/kb,39
t0masGutierrez/notes,39
deckori/notes,37
ricardoisdebugging/notes-picbed-2026,36
lostcode-dev/second-brain,36
alexyehhh/notes-of-matcha,36
ranag786tech-lang/DG-universe,36
wimhugo/kb-attributes-eden-fidelis-trsp,36
okash1n/kb,35
yu5011010/knowledge,34
thunder0902/zet,34
arcanum111/knowledge,34
mtb24/second-brain,34
thekitchencoder/second-brain,34
abhkpr/notes,33
serene-meadows/notes,33
willkmacdonald/second-brain,32
gee031022-art/KB-ITs-Your-Life-7,32
yc2357409566-ux/knowledge,32
zachpmanson/notes,32
ziyuanzhang/notes,32
MarcelKoeberlin/knowledge,32
FinnTegrity/notes,31
iamarasinghe96/notes,31
iAMv1/notes,31
ReneNyffenegger/notes,31
bitbyzen/kb,31
ShenMian/notes,31
SharafatKarim/notes,30
SlavkoPar/knowledge,30
lotoos0/memex-sim,30
PaarthPandey10/notes,30
Pcmf/org,30
domeniccop17/notes,30
miks-qa/notes,28
songeseudeo/KB-BootCamp,28
Shelbournator/thoughts,28
lynnclub/notes,28
karl-kraus/kb-static,28
KotaroKirihara07/knowledge,28
geilerloui/notes-quant,28
uguisu-an/knowledge,28
kuefgeulew/notes,27
kjkiehn/gtd,27
RedCrafter07/notes-plus,27
Nishantkumar012/notes,27
vishvAsa/notes,26
sairamaj/kb-ai,26
JaneTTR-Bigdata/knowledge,26
urnf/thoughts,26
IdeaTech-RoamCeylon/RoamCeylon-IdeaTech,26
memex-lab/memex,26
SteveHoggNZ/kb,26
deer/denote,26
dg-2025/dg-2025,26
k1monfared/notes,26
Tous-India/KB-Enterprise,26
korbi20/MEMEX,26
spatialthoughts/notes,25
cheneychancc/notes,25
MohdFurkan8011/knowledge,25
armoutihansen/notes,25
junsoo0719/kb-its-your-life-fullstack,25
xuanyuwang/knowledge,25
WestRane/notes-content,25
rreusser/notes,25
lucas-goncalves-tech/notes-fullstack-springboot,24
cyrus2281/notes,24
puffycodes/notes-for-developers,24
repsej2003/Notes-Datalogi,24
antoniwan/notes,24
jirikoukal/knowledge,24
physics-jee/notes,24
urugus/second-brain,23
wuyaorui2001-crypto/thoughts,23
snehilvj/thoughts,23
txxkb11246-star/gtd,23
loskylp/BrainDump,23
yourzcs/notes,23
zyndly/knowledge,23
amil41337-crypto/notes,23
Fuadee/KB-outage,23
Evan0571/notes,23
kon-rand/notes-flow,22
m2ximus/kb-sales,22
aeoden96/zet-live,22
sun-jingfeng/notes,22
pradeepviswa/notes,22
lucas-roam/clawcrafted,22
CinquinAndy/notes-to-strapi-export-article-ai,22
vitaliinnest/kb-semantic-search-benchmark,22
Himel-032/notes-marketplace,21
nikoolmos/notes,21
Asifdotexe/second-brain,21
FleetingLore/notes-math,21
thyonox/notes,21
jes/notes,21
vaibhavpatil906/notes,21
eulersson/notes,21
mendyezagui/second-brain,21
hunvreus/notes,20
rickd-uk/notes,20
stashiiing/notes,20
junajan/notes,20
slh04ninja-cmyk/notes-etudiants,20
DG-creative-lab/dg-labs-os,20
daBulldog/thoughts,20
juanma-alb/BrainDump,20
turingw1/DG-TWFD,20
fritzali/notes,20
soberzerg/second-brain,19
irlam/notes,19
wangsc2024/knowledge,19
Lucasvmarangoni/notes,19
hossainmdhasan626-code/notes,19
thedatasense/notes,19
ProsiaLAB/knowledge,19
LizabethEve/Notes-by-Princess,19
leeyunbo/knowledge,19
eneko-codes/knowledge,19
marekmelichar/notes,19
darianmorat/notes,19
supakornn/notes,19
leonid-lovsky/notes-spring,18
muchyesdawg/notes,18
Recklesssss/second-brain,18
volumen25/notes,18
KunihiroS/notes,18
kreuzhofer/second-brain,18
tesla3/notes,18
kurtles24/dg-console,18
JangEunyeong01/kb-it-s-your-life-7-,18
dustinbyrne/kb,18
12chasse-neige/notes,18
TeamHG-Memex/crazy-form-submitter,17
redhat-cop/org,17
nonej935-hash/Notes-found-in-Babel,17
LeonardoCerasi/notes,17
DanielLedvina/KB-mvp,17
ImSingee/kb-feed,17
sourmack-darbouy/second-brain,17
dandayo/notes,17
Ray8mu34/Notes-for-GradEntranceExam,17
Petrit23/second-brain,17
5d5ng/kb-realestate-weekly-automation,17
overgoer/notes,17
librarookie/notes,17
CorgiPuppy/notes,17
HMOlono/notes,17
eecs245/notes,17
mao-family/knowledge,16
CydKnocking/notes,16
TeamHG-Memex/autologin,16
prathamvish333/Notes-Studio,16
hemanthreddykoduru/Notes-Bay,16
vitaliikaplia/notes,16
odise444/notes,16
kraker/second-brain,16
UQOSNotes/notes,16
pythonstratus/notes,16
xplozion15/notes,16
chanpreetsembhi/notes,16
pushkar100/notes-java,16
muba0321/notes-by-ai,16
DinnerRecipes/ideas,16
390introml/notes,16
kaianolevine/notes-transcript-processor,16
mdvis/notes,16
Kaz-02/Notes-Quizzes,16
oli213/kb-desk,16
brentfsienko/notes,16
taiyakihexencoder/knowledge,16
Skyfox-io/Memex,15
CianciuStyles/knowledge,15
sannflux/notes,15
KirillBaranov/kb-labs-gateway,15
McMutteer/ideas,15
metasu/notes,15
paolobettelini/notes,15
leonardobetti/notes-obsidian,15
ofan/memex,15
cbibhor/knowledge,15
gregory-rutecki/knowledge,15
logos-co/ideas,15
nextcloud/notes,15
skshreek2/Notes-MySelf,15
prestondues/kb-academy,15
Lance02345/kb-v1.5,15
hmoexyz/notes,15
halfopenhearts/knowledge,15
p1k0chu/org,15
linjiamin-8/notes,15
irisfeng/kb-cs-assistant,15
vietndj/knowledge,15
Linkup-Studio/second-brain,15
UOM-EEE-EEEN11202/notes-part2,14
dannygh1805-cell/dg-nexus-updates,14
Alfreditann/notes,14
OneFiveFour/notes,14
CloveIso/notes,14
Zhunio/Notes-private,14
fedorkobak/knowledge,14
DGOPERATION/dg-boh-checklist,14
hongqi-lgs/ideas,14
jaebradley/notes,14
sxvvv/notes,14
awesomo4000/kb,14
theorashid/notes,14
DBAccount/notes,14
flutchai/knowledge,14
saugatkarki1/notes-journal,14
kubernetes/org,14
DifferentialGeometrySpring2026/notes,14
zzyss-marker/notes,14
Ashish-Krishna-Pavan-git/Notes-Forge,14
howion/notes,14
yaohwu/notes,14
windDcl/notes,13
ranag786tech-lang/DG-AI,13
ankursingh9806/notes,13
ssstrap/kb-control,13
manojchaudhari20202-code/notes,13
chuxubank/org,13
Felipe-gsilva/notes,13
Memex-Working-Group/collective-memex,13
Tycholiz/second-brain,13
Adam-Jin/notes-shields,13
Anjali-kumari-0/notes,13
Yuan-ManX/Memex,13
IamHenri/notes-maths-tex,13
tobal/notes,13
nangongchengfeng/notes,13
zhousiyao03-cyber/second-brain,13
inshoteditor10k-byte/Notes-by-Shailesh,13
lazygophers/knowledge,13
ariavasulin/thoughts,13
harmeet773/notes,13
ostoaleonardo/notes,13
damnbayu-droid/notes,13
linjose/notes,13
techphd7/notes,13
kokonuka/claude-memex,12
dahuihui01/notes,12
viking-cat/notes,12
mdesco81/second-brain,12
M0dZer0/notes,12
jim80net/memex-claude,12
delphirise/notes,12
creatorhub1/org,12
jnccd/notes,12
fletch2020/braindump,12
Injng/notes,12
BravishkaSkytano/second-brain,12
grantwill74/notes-on-programming-language-design,12
turanmammadov26/notes,12
jongfive/notes,12
Randy7573/notes,12
HARIOM-JHA01/second-brain,12
tuchongkim/kb-its-your-life,12
johnfire/notes-world,12
cumberland-laboratories/memex,12
angelmendezsa/Notes-and-Documentation,12
An-314/Notes-of-Statistical-Mechanics,12
masadity007/notes,12
dongtianwen/dg-procurement-rader,12
JinzhaoTian/notes,12
camiholanda/notes-aulas-TI,12
suyogvibhuti/DG-FEM,12
yanzhuchen0901/notes,12
cast42/notes,12
jq/knowledge,12
nahK994/notes,12
pushkar100/notes-data-structure-algorithms,12
KnickKnackLabs/notes,12
leandrob13/second-brain,11
0x07c4/notes,11
v-cshekar/notes,11
Sibelius-6/notes,11
tomwaits76/dg-overview,11
HeliconiaIO/knowledge,11
Cyb10101/notes,11
cn-starlabs/notes,11
uditmishra03/notes,11
insistgang/knowledge,11
russdb/notes,11
mscharley/notes-nc,11
memex-paim/memexpaim-llm,11
spongetimblin/kb-customization-toolkit,11
HetSolanki/notes,11
coufalmilan/KB-souhrn,11
rillence/knowledge,11
kaltepeter/notes,11
ssc134/notes,11
nulljosh/notes,11
NyaliaLui/dg-proto,11
Jerrybaijy/notes,11
noahjutz-2026-sose/notes,11
riczaman/notes-repo,11
LuizFelipeCibulski/notes,11
propella/memex,11
alauda/knowledge,11
xiafy/kb-engine,11
PanosEconomou/notes,10
NairongZheng/notes,10
Sachin-23/Notes-New,10
Bshashank123/Notes-Anywhere,10
infober126/notes,10
zhaoolee/notes,10
jadensalas469466/notes,10
anemonautas-eu/knowledge,10
vitkolos/notes-iuip,10
batou9150/kb-studio,10
booola/BrainDump,10
szoeni/notes,10
SadiaTabassum1216/DG-LLM,10
kristofhracza/notes,10
BrainDump21/braindump,10
Nighteyez07/dg-form,10
svemagie/memex-chat,10
krzysad-pixel/ideas,10
n7x3n/notes,10
franCbisc/notes-trainer,10
AnkushinDaniil/memex,10
Rahuketu86/memexsolve,10
daannzy9384/Notes-Z,10
raphaelsty/knowledge,10
Lucas-William-Bateson/notes,10
maonang/Notes-of-the-KIPA-ASUTP-MES,10
iambrainmasterv-dot/notes,10
balad404/notes,10
clarkaddisonx222/second-brain,10
rubydogjp/notes,10
LRCHub/Kb-fSR0UYjY,10
As0581/notes,10
chaoyuan-guo/second-brain,10
scottidler/second-brain,10
foundriesio/dg-satellite,10
bilalmbaka/notes,10
KirillBaranov/kb-labs-adapters,10
kaorulego5x/braindump,10
eternalGatherings/notes,10
michallysak/notes,10
datagems-eosc/dg-data-workflow,9
YDS0823/knowledge,9
wizard0fOZ/notes-jar,9
peter-hollis-orkastrate/ideas,9
brandonhimpfen/kb,9
casper-j-sledz/notes,9
tinspj1997/notes,9
danerlt/notes,9
noah-nuebling/notes-public,9
ParkMikun9310/knowledge,9
Volosatiyslon/notes,9
3N4N/notes,9
benjaminingreens/org,9
MartinSlooter/notes,9
YETI07HUN/notes,9
wvdberge/notes,9
anishjadhav521/notes,9
Am-I-Blue/notes,9
xomidar/memex,9
xuyulong1216/notes,9
yad-tahir/org-roam-latte,9
cliffordru/Notes-CEG,9
deepwzh/notes,9
Adele-tian/MyMemex,9
mileskent/notes,9
gandarfh/notes,9
LowkeyPranav/second-brain,9
HyunJong00/KB-It-s-your-life,9
ashishjain0338/notes,9
mayo829/notes,9
sb-child/notes,9
qishilong/notes,9
vishruthb/notes,9
jlrickert/keg-dev,9
robert-kampas/notes,9
ulapogodina/notes,9
zijie-cai/braindump,9
Ryan-1125/Notes-Papership,9
lunims/notes,9
nigimitama/notes,9
Jaxon1216/notes,9
dcldyhb/notes,9
raycheung/ideas,9
pizzathiefz/notes,9
forsonny/DG-Claw,9
AglaiaNorza/notes-ig,9
kattabhavana9/second-brain,9
zelejs/org,9
erick-shafikov/notes,9
AnujCtrl/braindump,9
awangelo/notes,9
amhellmund/braindump,9
callmeaash/ideas,9
mbari-org/kb,9
CherMet90/kb-mkdocs,9
aryanyadav0950/Notes-Organizer,9
pste/notes-chat,9
satya4283/notes,8
robin-ck/notes,8
zhmgczh/Notes-on-Traditional-Chinese-Characters-in-Taiwan-for-Mainland-Chinese-Residents,8
jimregan/notes,8
litaohz/memex,8
sh2aliyev/notes,8
nonVocal/notes,8
vivek2311learning/kb-dine-in-pos,8
Abdul-Rehman-27/Notes-6th-Semester,8
theodorosploumis/notes,8
KirillBaranov/kb-labs-create,8
vanjabu/zet-proxy,8
azrng/knowledge,8
un01s/notes,8
alqx1/notes,8
rakai77/notes-kmp,8
t3n0/notes,8
hyperpipe-kr/kb-dictionary,8
kriskristoffersonnabua/second-brain,8
tomsabe/ideas,8
rohidasa/notes,8
xivind/memex-redux,8
isofarro/kb-software-engineering,8
pyd966/notes,8
pranavjana/ideas,8
Chetan1maurya/Notes-Book,8
slowsteadyman/kb-its-your-life-bootcamp-journal,8
joshlevoff/second-brain,8
akuma392/notes,8
hocgin/knowledge,8
tiagosomda/notes,8
lotoos0/memex-lab,8
marvinblaser/kb-medizin-tool,8
ItsAnts/kb-group-base,8
heymarii/second-brain,8
jzankowski/knowledge,8
tino-chen/notes,8
ccolleatte/second-brain,8
henrydaum/second-brain,8
friendly-social/knowledge,8
vini-lucas/notes,8
gvillarroel/knowledge,8
jygzyc/notes,8
spawnaudio/braindump-garden,8
tylergeszler14-cyber/notes-,8
divyabhadankar/Radiator-Roamie,8
pritee175/second-brain,8
siddharthasharma199306/notes-by-sid,8
adaspt/notes,8
fenglielie/notes-forge,8
rkrishnavedic/notes,8
gianpaj/ideas,8
shutyourole365/ideas,8
tc39/notes,8
CYY-1100/notes,8
fauzanalghifary/notes,8
LeanLeeOne/notes,8
NetKamaa/Notes-Pro,8
vikipedia/notes-arcesium-finop25,8
PaladinXL/notes-matrix,8
pot11/notes,7
ravbot64/second-brain,7
pyqvv/kb-ityl-workspace,7
enricobolzonello/notes,7
lizhihuajob/dg-online-videos-player,7
tevaughan/notes,7
cliffordru/Notes-FM,7
chiubaca/notes,7
richard-ash/notes,7
pavankumar106/notes,7
e2sol/KB-IT-s-your-life-7th,7
dmartinochoa/notes-obsidian,7
fprh13/second-brain,7
KGonzalezASC/notes,7
Ramgopalbhat10/notes,7
kavia-common/notes-238438,7
domye/notes,7
notRadioOpaque/zet,7
kartof0nix/notes,7
At1a8/notes,7
Saizeriyamaster/braindump,7
jblanked/Free-Roam,7
zsyayo112/notes,7
Skyfox-io/OpenMemex,7
JimmyLv/styled-roam,7
Abhilash-R-spec/thoughts,7
LiterallyCJ/notes,7
VeritasForge/second-brain,7
dauneyfun/notes,7
scrodrig/second-brain,7
Moriiikdt/notes,7
rousseaukazi/notes,7
Spetsnaz5/notes,7
fadihajji1/notes,7
Pamperito74/Memex,7
malinkang/notes,7
rushi0212/notes,7
Vakhrushev/kb-rmk,7
atom-l/notes,7
doum007/kb,7
jimniels/notes,7
MingFei2001/notes,7
zhanpoint/notes,7
tasuten/notes,7
koprotk/notes,7
pogJames/notes,7
klausdoerge/notes,7
ac-lm/notes-mngr,7
sakane-dev/sakane-memex,7
KevinDeBenedetti/notes,7
MECH230/notes,7
stevefahy/notes-nextjs,7
uglyp/KB-Copilot,7
brocktopia/notes-at-ng,7
mulyonomuiz63/kb,7
levonlee/notes,7
kevinalexandermb55-cpu/KB-CONTABILIDAD,7
mr-groot-611/second-brain,7
SimoneLid/Notes-ComputerScience,7
danatresor1-netizen/notes-etudiants,7
flyzing/notes,7
DSestu/knowledge,7
snambakam/notes,7
chromalchemy/tmem-roam-ext,7
KOAwesome/notes,7
manishsharma0398/notes,7
Herman580/notes-elogis,7
NotGabz/BrainDumpv2,7
arkangelai/second-brain,7
rohitkumar91131/second-brain,7
artu73106/ideas,7
orangci/notes,7
NickHu/org-roam.nvim,7
denischemeris/kb-wordpress,7
AStoupin/notes,7
karl-kraus/kb-data,7
JackZhang2022/notes,7
Joriiss/notes-devops,7
choehaeun452-source/Braindump,7
Prasadgaikwad12/notes-chekingprasad,7
tomit4/notes,6
jeffli2002/second-brain,6
sisyphosloughs/notes-dup-cleaner,6
Daniel-Mietchen/ideas,6
kayspark/raycast-denote,6
Ragul-9080/notes-ai,6
chankruze/notes,6
JsebastianUVPRQ/notes-on-different-topics,6
1Mill/notes,6
582-21W-MA/notes-de-cours,6
SemanticLair/kb,6
FleetingLore/notes-physics,6
geohe-371/notes,6
gold-colox/notes,6
snowfox-rubait/notes,6
aexye/dg-poc-af-horses,6
andyb1984/notes,6
dFoiler/notes,6
Xu929-X1/memex,6
Aninawan/Notes-For-Future-Me,6
s17labs/notes,6
maxgherman/notes-source,6
laoliu-463/second-brain,6
gdpl2112/dg-script,6
WardHowest/Notes-graduaat-programmeren,6
terpenesalad/notes,6
mfuchs1/notes,6
arbiger/kb-collector,6
Adelodunpeter25/notes,6
ardix6/notes,6
coayo-x/notes,6
MichaelSWong/second-brain,6
hiryamada/notes,6
kiulas/Notes-for-Bioninfomratics,6
low-hill/knowledge,6
guderain/KB-AI,6
zherunliu/kb,6
AleksandrovskyV/notes,6
deepeshmi26/notes,6
SegMochi/knowledge,6
niekbaeten/kb-afleveringen,6
hjnn08197-max/second-brain,6
volkakk/dg-cold-chain-roi,6
Kristoooof/notes,6
UnitVectorY-Labs/notes,6
ZhangtongCN/Notes-on-Atmospheric-Numerical-Modeling,6
lr580/notes,6
buchtioof/notes,6
Anvilcraft/org,6
asim3/notes,6
JulienMalka/notes-kit,6
sarvl/notes,6
batguyblogs/Notes-Host,6
vb920/notes,6
tsengyushiang/notes,6
tventurazz/notes,6
misterwilliam/thoughts,6
daws-88s/notes,6
jmcmeen/notes-on,6
lucabol/notes,6
Xuanfq/notes,6
udaykumar129/Notes-2026,6
cesarmars/notes-repo,6
mohdsahil36/notes,6
rianeduardo/notes,6
barhanc/notes,6
tkilb/notes-tech,6
YZK-1/notes,6
malcolmyu/second-brain,6
kieranricardo/dg-swe-code,6
stratusjerry/notes,6
boratsbias/notes,6
codio/knowledge,6
MachengShen/ideas,6
MR-SAIRAM-7/second-brain,6
doogrammargood/notes,6
582-21F-MA/notes-de-cours,6
AdamRse/NOTES-DE-COURS,6
boli1974-lang/notes,6
mdikavw/notes-smangad,6
shpark47/KB-IT_is_your_life,6
gmg0829/second-brain,6
casey-optimizely/knowledge,6
alexhokl/notes,6
Nyhz/second-brain,6
Memex-Working-Group/pauls-obsidian-publisher-for-memex.mememaps.net,6
erickson-cc/notes-UFFS,6
MyNotes-Sang/notes,6
alexlecco/ideas,6
pmelab/gtd,6
mrugesh-ai/notes,6
IranAzadAbad/ideas,6
iangow/notes,6
areyouwhy/second-brain,6
Incanus3/notes,6
Augusto9237/dg-notas,6
Versya-io/kb-extractor,6
LorenzoLombardi111/notes,6
SH20RAJ/ideas,6
ut0ku/notes,5
Joan335/notes-markdown,5
mint-26/zet-finance,5
YondaimeMex/4PetsCare,5
kiulas/Notes-for-Bioinformatics,5
honeyonsys/NOTES-AND-DOCS,5
KirillBaranov/kb-labs-workflow,5
Rahuketu86/memexhelper,5
misha1997/notes,5
Aman-patel-20006/NOTES-FOR-UG,5
mightyjoe781/notes,5
rmcmc/notes,5
Korkin-Igor/notes,5
kamalgs/ideas,5
xue-sl/knowledge,5
b08x/memexrag,5
evi-liu/ideas,5
9DA62C42/Notes-of-104016-Algebra-1-Extended,5
balumn/notes-md,5
ishan-bhardwaj/notes,5
jlrickert/keg-dance,5
dmark/notes,5
gcnyin/notes,5
maxspielerei/dg-quizscanner,5
joywareapps/mymemex,5
nkmohit/memex,5
foxted/ideas,5
dmdprotocol-1-8-8/org,5
urvashiramdasani/notes,5
AngelCantugr/second-brain,5
EaintcherryMB/knowledge,5
sflorek/neuromemex_pub,5
hailiang-wang/notes,5
kadam-x/notes-public,5
poweron707/notes,5
stultus/notes,5
dgarciah98/notes-and-stuff,5
IsuruWithanawasam/notes-on-light,5
jjosegomez/memex,5
Qianying-Chuugu/notes,5
sunzhenkai/notes,5
Olek-B/second-brain,5
kennethchan6392-hash/notes,5
AbhishekAparchit/BrainDump,5
zeke-chin/notes,5
playerpool/org,5
n3navizhy/BrainDumper,5
tige21/second-brain,5
karthikaisivan3-cmd/notes,5
phantom567459/BF1MemExt,5
zhou3536/notes,5
HawaTechnologies/notes,5
wmsangel/notes,5
ImprobableGenius/second-brain,5
SPACEreact/knowledge,5
SunshineYD/knowledge,5
koki67/kb-teleop-go2w,5
misham/kb,5
grochowskik/notes,5
mylanpatisson740-bit/notes,5
StarryReverie/notes,5
eduardoklosowski/notes,5
BrownAppliedCryptography/notes,5
anoopk-personal/second-brain,5
Ltryxcy/notes-assets,5
Serkanbyx/notes-mern,5
oliprashant/notes,5
aswinkm-tc/notes,5
yuvan168/notes,5
AndroidGradle/notes,5
pink10000/notes,5
alpaka-lab/memex,5
KirillBaranov/kb-labs-studio,5
umhye1/KB-IT-s-your-life,5
tianzheng-zhou/second-brain,5
granger-p/notes,5
lzy813/knowledge,5
DarthFader7/second-brain,5
Cupcc/knowledge,5
codingaddo/notes-nextjs-fullstack,5
sakshamgurbhele/second-brain,5
dgsoftwash/dg-softwash,5
code-quad3/second-brain,5
vishnukumarkvs/notes,5
Sarvesh2424/notes-next,5
Hergeliana/gtd,5
ReluctantHacker/notes,5
LeeTun2k2/knowledge,5
mohanagsk/second-brain,5
KMAYAMA2/notes,5
ka8877/kb-admin,5
LostWarrior/kb,5
shreeyasharma1804/notes,5
leona/kb,5
jadarkaribasu02-beep/notes,5
datagems-eosc/dg-dataset-profiler,5
gchinar/notes,5
ROYthr/Notes-of-Introduction-to-Algorithm,5
albertoabraocontato-ai/DG-O-MONTADOR-DE-ROTAS,5
sit-smart-media/ideas,5
sylvan-lyon/notes,5
CEverTrying/NOTES-CSandAI,5
ZhnZhn/notes,5
soltysh/org,5
konstantin-kotochigov/knowledge,5
AlgorithmiKee/notes,5
aditya-chebrolu/notes,5
memex-lab/dart_agent_core,5
ziliangpeng/kb,5
bajins/notes-docsify,5
GeorgeQLe/ideas,5
sunkong25/KB-IT-s-Your-Life,5
princemuel/notes,5
regiontog/notes,5
GianniAvilan/notes,5
LittleAndi/second-brain,5
CarlosLRamirez/notes,5
c0d3h01/notes,5
skygamma25-netizen/kb-dienstleistung,5
TPixel/braindump,5
eplr/kb,5
ldsljh-dot/knowledge,5
qtf0x/notes,5
frbird/keg-monitor,5
Chungchiwei/DG-Cargo-Guardian,5
yunyoungjun50-source/DG-alcohol-edu,5
Faisal-Alsayyari/thoughts,5
syc0000000/notes,5
bcwalnja/ideas,5
shuhaib360/notes,4
evanstern/ideas,4
manselmi/notes,4
yaroslavostapenko16/notes,4
jsnrlbt/notes,4
ms7679-1/notes,4
agentthinkpad10/thoughts,4
tfost77/Keg-Velocity,4
maxiR8/second-brain,4
RobAndrewHurst/ideas,4
Rissa0503/notes,4
willstoneberg/notes-willstoneberg,4
shreya-mad/notes-Interview,4
RazaS/ideas,4
hamardikan/notes,4
timmy00274672/notes,4
Stoney0609/notes,4
Yashmandloi1411/notes,4
VetCoders/rmcp-memex,4
felipeparaizoo/notes,4
awesome-skills/memex,4
chohe/braindump,4
stealinps/notes,4
GengzeZhou/memex,4
hankenn/notes,4
majorgreys/org-roam-skill,4
rohit8edit-star/notes-keep,4
sebc-dev/gtd,4
Abir10101/notes,4
makrai/notes,4
alexandrevelasques/notes,4
Gruchenkova/notes,4
lbb4511/notes,4
gerardoandresp-saluto/second-brain,4
lucasherediadv/notes,4
Addalasriram/notes-,4
OmarGoubail/kb,4
leenty1219/notes,4
fortyninelabs/notes,4
lsmd23/notes,4
An-314/Notes-of-Introduction-to-High-Energy-Physics,4
haiwei7050/notes,4
doongz/notes,4
RenardDev/notes,4
lewis533/notes,4
kamyk-pl/ideas,4
sairapal992-wq/notes-itz-siddhant-,4
memex2711/pyrogram,4
lingfleuvboy/notes,4
VaibhavDasari/second-brain,4
lescarpi/notes,4
lhp81/notes-lhp,4
aisofta/notes,4
ScottPriceUITP/second-brain,4
niallr12/second-brain,4
liuh886/notes,4
DylanGriffith/second-brain,4
iam-arjun-n/DG-CostCenter,4
moro-qq82/knowledge,4
jirib/notes,4
mimisa00/knowledge,4
RISHIKUMAR206/Notes-and-Concepts_for--devops,4
pokemonebone/notes,4
RMWinslow/notes,4
thedann3r/notes-memory-refresh-,4
ImperialOps/notes,4
dragoon72/notes-leet,4
campbell-rehu/notes,4
Vtr0/notes,4
muzimuzhi/notes,4
kenwkliu/ideas,4
matthewjohnson-50788q803/memex,4
sagreenxyz/notes,4
ntoprevd/notes-java,4
RLZFT8299/DG-word,4
hululu2333/notes,4
zulfafalah/notes,4
sai2327/notes,4
sandeep-helps/notes,4
xmpuspus/kb-arena,4
sameer-manek/notes,4
sgoleo/DG-Lab-for-Minecraft,4
huynhanx03/BrainDump,4
Garden12138/notes,4
zharikovpro/kb,4
zimmermanng/KB-EAA,4
MajorMeddi/braindump,4
nitin966/memex_rl,4
Ethanolbicarbonate/Notes-ni-Itan,4
Alex24042009/Dg-Gravatas,4
MadhavKumar200625/gtd,4
SUSE-Enceladus/keg-recipes,4
jim80net/memex-openclaw,4
mZaiam/notes,4
nodlac/notes,4
IgnorancePulls/notes,4
Tristan1118/notes-public,4
jinjimz/knowledge,4
charlesl75deganv/notes,4
llx-08/notes,4
KevinyWu/notes,4
kbsigmaboy67/kb,4
Femstar08/second-brain,4
JhonAQ/second-brain,4
waisshaikh/second-brain,4
tydevdev/kb-fix-experiment,4
anatiramesc/notes,4
abhisheksiddhu/second-brain,4
mcelrath/kb,4
Leochang7/notes,4
wugouzi/notes,4
OthoDeng/notes,4
offbyone/ideas,4
twistmh/notes,4
ren-lingyu/org-roam-organize,4
domingo-roamu/trading-spot,4
divyanshgoyal1802/DG-MyRepository,4
SachinSah18/Notes-For-DevOps,4
genert/notes,4
Ninad-Chaudhari/notes,4
systemshift/memex,4
dumitrurija/notes,4
sammytron612/kb-new,4
ramiealory/notes,4
miinakoyama/kb-tutor,4
samsperd/dg-rn,4
yykaoruko/memex,4
nickagliano/notes,4
FinYang/talk-roam,4
VillaArreola/knowledge,4
nox-neha/notes-from-nobody,4
blakeNaccarato/notes,4
mossprune/notes,4
Gaganm77/notes,4
deepgram-devs/dg-sagemaker,4
MehdiDiasGomes/Kb-Clean,4
AAK-90/Notes-VS,4
aarish84777/notes-cleaner,4
Montana1027/Notes-AJSR,4
nitesh5714749/knowledge,4
ajhits/notes,4
andraorpie/notes,4
D1isney/notes,4
Tomask4/notes,4
giobbu/notes-ml-rs,4
Interkz/braindump,4
he2shuang/Notes-data,4
darkcode21-12/notes-on-cyber,4
kavia-common/notes-organizer-250194-250208,4
ansriaz1/Notes-Lab,4
23prime/notes,4
DariuszDepta/notes,4
siddiqqulhakim/dg-cdmp-exam-simulator,4
aachatz/notes,4
akshithg05/notes,4
junghan0611/memex-kb,4
Zone-Roam/VibeMouse-Windows-Adapt,4
dverduni/notes,4
opentofu/org,4
ansyaku/notes,4
jj-dg-create/DG-Events,4
1Tangent/notes,4
englishtech/notes,4
a7ul/thoughts,4
umeshsir05/notes,4
brain-tec/knowledge,4
TheElephantObservatory/knowledge,4
swativ5/notes,4
changluyi/knowledge,4
loyalny/notes,4
SaturdaySans/notes-workspace,4
stevefahy/notes-svelte,3
B1gum/notes,3
alvarodevrace/second-brain,3
gs15-07/notes-on-real-and-complex-analysis,3
namnd14/notes,3
wccpsczae2/notes,3
DevAli00/second-brain,3
troy-roam/dotfile,3
buchmiller/notes,3
RbnHoodX/keg-tab,3
rajsekharde/notes,3
forsonny/DG-Pi,3
martinnesnera00/kb-ai,3
AlexAndzo/org,3
mcheng88/notes,3
fr1zBeee/KB-31-OOP,3
saad-nazir-0289/Notes-evolved,3
keys-i/notes,3
sbrunner/dg-price-tracker,3
andrzejsydor/knowledge,3
h-gilbert/notes,3
kd-collective/denote,3
wyxhou/notes-for-b,3
lovemilk2333/notes,3
albertmwallac1/notes,3
iamprasadraju/notes,3
luyao618/memex-cards,3
ntkrnl64/notes,3
wasjoe1/notes,3
sudo-su-ayan-ali/notes,3
Torebarr85/notes,3
baoo2310/notes,3
PhinehasBerko/notes,3
antonioaguilar/notes,3
VishankSingh/notes,3
svemagie/obsidian-memex-chat,3
Vishalvasanji/second-brain,3
JimChung0403/notes,3
EastonTTT/Notes-Repo,3
shounak-create/Notes-Navigator,3
ghostLostTheShell/knowledge,3
888Greys/kb,3
Tecnativa/knowledge,3
arafatmansuri/second-brain,3
aifung/ideas,3
Harry-1001/braindump,3
ChaithanyaReddy322/Notes-Ai,3
MaxWolf-01/memex,3
sushanttrader2116-debug/notes-wallah,3
Grosse-pasteque/notes,3
cryslith/notes,3
jawadkazi/notes,3
mlpcon/notes,3
molty-assistant/second-brain,3
eldardada/notes,3
earlyaidopters/second-brain,3
euribates/notes,3
fartootight-arch/thoughts,3
danielhvs/knowledge,3
KirillBaranov/kb-labs-devkit,3
Ivan1248/notes,3
girishavallabhaneni/second-brain,3
flokafay/second-brain,3
alipuuuuu/notes,3
yang-y187/notes,3
lnsjhnssn/ideas,3
nRainTd/notes,3
mi2ebi/notes,3
lilesilica/notes,3
ramazansancar/notes,3
czl9707/notes-n-writings,3
Dairo01001/dg-inve,3
berndpl/notes-plontsch,3
ignitrondev/org,3
INBPA0211L/notes-2026,3
yashksaini-coder/notes,3
xellos216/notes,3
qq1032188004z-star/kb,3
shubham-0819/notes,3
oli314pi/notes,3
Spar3Chang3/dg-terminal,3
B-B-lei/Notes-with-obsidian,3
VietAnh1010/notes,3
huosanhuichenfei/kb,3
perfberry/org,3
fjmeiron/notes,3
gabdiasxyz/notes,3
useataaaaa/ideas,3
Zain4391/Notes-Doc,3
kingland/knowledge,3
fredabood/notes,3
dostonsuxrobov/thoughts,3
dariavladykina/keg,3
mauriciolaser/ideas,3
richardandrewlee/ideas,3
12-Monkeys-Developers/dg-boite-rouge-bleue,3
joenewbry/memex,3
AngeloCodeHub/Notes-FullStack,3
MstislavKeldysh/Notes-For-Future-Children,3
eugeniosaintemarie/notes,3
cycarpass48/notes,3
adambernard55/knowledge,3
3feet-lim/kb-ai-dlc-workshop,3
teklynk/notes,3
zimmermanng/KB-BFL,3
louisbel/notes,3
Noudea/notes,3
aronovgj/notes,3
lukasoppermann/notes,3
vinodp-devops/notes,3
hyoungjoojin/notes,3
workshop-labs-pbc/tinfoil-memex,3
andreasphil/notes,3
Afsar2003/second-brain,3
yinhao-f/notes,3
ariel2110/second-brain,3
garethahealy/org,3
kavia-common/notes-organizer-250194-250210,3
naterator/notes,3
quantike/thoughts,3
noob9527/notes-english,3
diguage/notes,3
mocbaltig/notes,3
lucas-goncalves-tech/notes-fullstack-expressjs,3
iwaiwawaiwai/second-brain,3
soul-lucifer/Notes-Taker,3
ds12a/notes,3
AkireL/notes,3
ledoent/knowledge,3
project-ida/notes,3
socks-tjzjtm/kb-euiioq-,3
DevJobalia/second-brain,3
ZuchiSpeed/notes,3
siddhant8019/notes,3
XiaoQu-qc/notes,3
jake-sl/dg-express,3
bonheur15/zet-ssh-1,3
malikshehrozali/notes,3
AnnaGals-10/second-brain,3
invisibleinfo/notes,3
SiegfriedZhen/kb-graph,3
LePeruvienn/notes-cours,3
yjlh1234/notes,3
lneely/acme-denote,3
parameshsrg2-DevOps/notes,3
megha-burri/Notes-in-Physics,3
markdavich/notes,3
erron-ai/kb-doctor,3
satyaborg/memex,3
MiaDaddySH/kb-qa,3
lunaris-sys/knowledge,3
lakshaycode22/notes,3
GHAGDEEPPRAVIN/DG-8028-Deep-Ghag-node.js-P2,3
domgenis/notes,3
goodplansnyc/knowledge,3
Sean-Tay/notes,3
amdajhbdh/notes,3
dvdmtw98/notes,3
handy-sun/notes,3
syci/knowledge,3
MrSyedMuzammil/Notes-Taken,3
twelvetl/notes,3
Fer-rosal/second-brain,3
kolkrabe/notes,3
Jascool123/braindump,3
kbearthworks/kb-earthworks.com,3
Torchkill/Notes-Masters,3
Hehe2700byte/notes-for-python,3
ruiyanc/notes,3
mfernandes93/notes-,3
cheretbe/notes,3
datteroandrea/notes,3
ikicic/zet,3
kevinlylyxf/notes,3
rf742/thoughts,3
jens-brimfors-wolt/notes,3
ebinazer005/notes,3
jtrudeau/dg-steam-scratch,3
naruto047336-cpu/Notes-html,3
dials/kb,3
kenyacun09/notes,3
cardmagic/notes,3
22deeme22/notes,3
finneritter/Notes-Plus,3
MateusRMC/notes,3
CodeCraftsman-wq/Notes-Workspace,3
ernaud-breissie/thoughts,3
mattdowdell/notes,3
Fengsemul/notes,3
rekhubs/notes,3
andrewrobles/notes,3
K5087/notes,3
magno000/second-brain,3
saxon1964/notes,3
darkgraycat/kb-player,3
johnpaezal/notes,3
m-shaka/notes,3
b0yu-li/second-brain,3
xevansz/notes,3
ewvandenberg/notes,3
nyu-popl-sp26/notes,3
standen/notes,3
Unity-Billal-mesloub/ideas,3
DavidBoissevain/notes,3
pseudosavant/notes,3
DmitriG372/DG-VibeCoding-framework,3
imogharder/knowledge,3
golovnyamarina/notes,3
jsungwook0810-svg/kb-oh,3
sam-itt/fg-roam,3
sergeguiseppin/Notes-des-Golfs-Marrakech,3
kraker/notes,3
s75whenchiabg2/notes,3
andreaswilli/notes,3
oranipost/notes,3
Sarsoo/notes,3
gauravsainione/notes,3
Marcehlin/Notes-Marcelo,3
leandersteiner/notes,3
chinsingh/second-brain,3
gregorylearns/notes,3
navicore/zet-rss.nvim,3
mobilephone724/notes,3
busterbenson/notes,3
dZev1/notes,3
Gireejesh-Nilesh/notes-fullstack,3
plei99/notes,3
Turik1/second-brain,3
svene/notes,3
EdCorner1/second-brain,3
abenezerallene7-cyber/notes-on-cybersecurity,3
ZhangtongCN/Notes-on-Atmospheric-Dynamics,3
ThuongHong/notes,3
moonbeep/notes,3
Shaurya-GitH/notes,3
o28o/dg-offline-data,3
Relsola/notes,3
jlee31/notes,3
limitedshare/ideas,3
derzz/notes,3
webnzzz/notes,3
avi-watwani/notes-to-pdf,3
Danhelo/thoughts,3
danielmichaels/zet,3
huangqiangqiang/notes,3
Azragh/dg-scss-color-preview,3
MrErlison/notes,3
bazzofx/notes,3
lestercheung/notes,3
Salieri666/notes-heimhel,3
win4er/notes,3
theopaolo/notes,3
DriLLFreAK100/second-brain,3
devhiteshk/notes,3
chnyutao/notes,3
giobbu/notes-ml-geo,3
monickamisetty/notes,3
cibex/knowledge,3
NII-DG/dg-researchflows,3
zhouushe/notes,3
EFulmer/notes,3
Kishak95/Notes-apk,3
Librariann/ideas,2
binghuan-li/Notes-and-Formula-Sheets,2
ashvinzinfo/notes,2
hibrahimd/notes,2
moacirmoda/second-brain,2
qianlinnian/notes-code,2
ksobrenat32/notes,2
dtehan/second-brain,2
ayu1335/second-brain,2
BITVAX/knowledge,2
and-kal/second-brain,2
rdogen/notes,2
kupesin/notes,2
yylime/notes,2
19Kushagra0/notes,2
richardwesthaver/org,2
Wlinuxhv/kb-runner,2
mhabib12345/notes,2
mrdrivingduck/notes,2
zhgao/knowledge,2
pizzalover125/notes,2
feiyubaiwang/knowledge,2
chadsr/notes,2
Teshan242/notes,2
luis-ing/notes-back-python,2
j-skiba/org,2
OrWestSide/notes,2
weilinscenccs/notes-hpc,2
Harshvardhanp4/notes,2
jeryldev/kb,2
lianga0/notes,2
AnujCtrl/braindump-mc,2
Gwenekko/knowledge,2
xuloqianova/notes,2
jlangels/notes,2
ood-zo0simonout/notes,2
lyronodideqi/notes,2
ArpitKharche123/notes,2
linhlvit/notes,2
flame9pige/notes,2
shantoshdurai/second-brain,2
emacsmirror/org-roam-ql,2
cs1234500000/Memex,2
will-lancer/notes,2
panichen/notes,2
tauseefrahman-supernal/second-brain,2
snowiow/org-roam-readwise,2
Diniden/knowledge,2
JasonOna/thoughts,2
binarylibrarian/notes,2
gnugat/knowledge,2
raj-220556/notes,2
joealicio/notes,2
Ad-ROI/kb-analytics-reporting,2
aixiu/notes,2
InfiniteAstral/notes,2
aurexengine/kb,2
Binhex-Practicas/knowledge,2
retry51776/notes,2
bwhitman/notes-redirect,2
OCA/knowledge,2
emacsmirror/org-roam-latte,2
sumakarkatla36/Notes-1,2
NikolaiLapukha/notes,2
denandras/notes,2
OrangeHeartCreative/kb-world-tour,2
coder-Ace77/Notes-obs,2
karlikreslik/notes,2
apita1-chwy/notes,2
MovalAgroingenieria/knowledge,2
flowcharts1/notes,2
HerbertInk/kb,2
pgalonza/Notes-files,2
tifthashfa/notes,2
kevbost/kb-github-repo,2
zekaryas1/notes,2
pevfgbcure/notes,2
mikail-tommard/notes,2
pwazhala/notes,2
icalzone/second-brain,2
teddyprogramming/notes,2
ragaeeb/notes,2
YuntianZhao/Notes-on-Optimization,2
lumpasak/kb,2
ahmed-shariff/org-roam-ql,2
ysan/notes,2
arafatislam07/notes,2
TriGerber/notes,2
solehudin5699/notes,2
ShisiJu/notes,2
Andybub/knowledge,2
Loupeznik/kb,2
akash-e003/dg-pest-control,2
lzl/notes,2
ishita48/memex-ai-hackpsu,2
elalabaj/notes,2
Fai/notes,2
yihleego/notes,2
lsongdev/notes,2
HaoleiH/notes,2
kirtankaikini/notes,2
tongjinlv/notes,2
DreadedGScripts/dg-adminmenu-docs,2
citoy50manwekh/notes,2
cybergu0ck/notes,2
palnabarun/org,2
Sean-Leishman/second-brain,2
Sourav9063/notes,2
klchory/notes,2
Gergo272/notes,2
manueldelgado/second-brain,2
jason69x/notes,2
SimranKhokkar/notes-node,2
TreidgeB/second-brain,2
langlichong/notes,2
alexx-kis/notes,2
Cabrel-loic/notes-,2
nyalov/notes,2
nikhil-svmx/DG-AI-VoicetoForm,2
yuannnntian/notes,2
khantige/notes,2
schwesig/notes,2
wangzhou/notes,2
josephrexme/notes,2
zehuac2/notes,2
yjieyan/knowledge,2
userhexov/kb-helper,2
shibaobun/memEx,2
DougReeder/notes-together,2
chaitanyarpawar/notes,2
dwimartins/notes,2
ChristosLyssas/second-brain,2
xuanchinh1994/notes,2
Rahuketu86/memexpass_mathagent,2
ekamoyuurioge/notes,2
ATG-Anubis/notes-pbv,2
tampuptivesw/notes,2
kiddos/notes,2
CatsRun/notes,2
KirillBaranov/kb-labs-mind,2
mlbright/notes,2
lukejanicke/notes,2
clandestinolibre/notes,2
skorrydev/notes,2
ch-abrar/dg-badminton,2
rgbabaev/notes,2
jizhuozhi/knowledge,2
whos-ryan/notes,2
shubhmjain30/notes,2
FleetingLore/notes,2
inematds/second-brain,2
2101341069/knowledge,2
nicholasjhenry/notes,2
inspektral/notes,2
Ad-ROI/kb-crm-automations,2
Simounet/notes,2
aye011/DG-grafica,2
DG-925/DG-925,2
danlace/notes,2
itzsrikanth/notes,2
wojohowitz00/second-brain,2
midou-midou/notes,2
thequietlife/notes,2
FatsaYahdi/notes,2
kaihg/notes,2
tdill1/second-brain,2
vreniz/notes,2
Gregdevcom/dg-1,2
lycau/notes,2
Dustin-Klein/dg-putting-league,2
Berlingithub/second-brain,2
zmxncbv0/notes,2
grantwill74/notes-on-algorithm-design,2
JactusTheCactus/notes,2
mapas48a/notes,2
keyshi-vibe/notes,2
riyadmahfoudi/KB-Copilot-Forterro,2
pingvv/notes,2
billthefarmer/notes,2
block/braindump,2
Bharat9848/notes,2
Ahmedd-Waleed/BrainDump,2
HallanCosta/notes-db-vector,2
bitshifthq/ideas,2
prithivskr/kb,2
Kovbas/notes,2
Compiler-Organization/knowledge,2
cyril-fl/notes,2
riceracer/notes,2
remipassmoilesel/notes-repository,2
dvogt23/notes,2
Huseyinnurbaki/notes,2
abbyjane-dev/kb,2
ThisoeCode/notes,2
broker1plo/notes,2
DobosTibor/notes,2
mdyzma/second-brain,2
JieteXue/notes,2
pape-ousmane-sakho/notes-restAPI,2
AngeL036/ideas,2
SahilBamb/ideas,2
thomaspaulson/notes,2
HavocHero/second-brain,2
vinodkumarpaleti-daws/notes,2
Atharva6153-git/notes,2
ChanceAdison/org,2
ChristianReis07/dg-store,2
ipedro/org,2
nplrahman922/notes,2
kavia-common/notes-organizer-250194-250209,2
ericTheEchidna/memex,2
FreshDiversion/notes,2
omdeshmukh304-create/Notes-on-github,2
damotor/notes,2
TeamHG-Memex/broadcrawl,2
kkrishguptaa/notes,2
int-smart/notes,2
paulantezana/notes,2
heisenberghub/notes-pdf-,2
mango766/kb-assets,2
nakkapohv/Notes-RPO,2
DanielValencia92/KB-Tracker,2
luizcarlosfaria/kb,2
xnhearn/notes,2
syedlabeeq/thoughts,2
hasinhafiz/notes,2
fitzpatrik84/braindump,2
Osthainthale21/second-brain,2
Ye-eun-Kim/kb-adaptive,2
churryboy/kb,2
eformat/kb-to-skill,2
iam-arjun-n/DG-SalesPricing,2
wuhaotdcq-s/notes,2
JFWooten4/notes,2
mugiwara999/notes,2
cekYc/zet-setup,2
ddhh-gif/notes,2
Obstacle19/notes,2
Taloonys/knowledge,2
matty-v/notes,2
toogle/notes,2
amez-droz-arnaud/notes,2
cekYc/zet-lang-source,2
JimmyLefevre/kb,2
DashTraining/notes,2
georesh88/notes,2
LZDQ/notes,2
alorr10/second-brain,2
signalno11/knowledge,2
MELS-010101/notes,2
siddiqqulhakim/dg-datahub-metadata,2
inkwellinnsmouth/notes,2
Agentic-Studio-Labs/kb-prep,2
ChiranRegmi/notes,2
artdataandai-ops/notes,2
shuji-bonji/Notes-on-SOLID-Principle,2
youningnihaobang/notes-organizer,2
thesaiprasadrao/second-brain,2
okomestudio/org-roam-ok,2
jony6484/knowledge,2
sturdy5/notes,2
bahimy/notes,2
MarnusvanWyk/notes,2
GaballaGit/notes,2
WARP-Personal-Organization/DG-Refresh,2
dims/org,2
scott736/notes,2
kememex/allure-reports,2
zefangzh/notes,2
deangl/notes,2
trie0000/second-brain,2
taxkcd/notes,2
dimitriinc/notes,2
diewlamenson14/notes,2
aflaag-notes/notes,2
pkking/notes,2
josephhyperlink/KB-Game,2
n0119566/notes-queue,2
lovellm/notes,2
oneinthebox/notes,2
duonghao/notes,2
JasonBBelcher/second-brain,2
ellgreen/thoughts,2
zeevenn/notes,2
bdastur/notes,2
RyanSStephens/second-brain,2
bpeddapudi/kb-lite-poc,2
PFP-2026/Notes-PFP,2
FuyukiSnowNo/kb-learner,2
punkrocker178/notes-vault,2
LFPE/second-brain,2
MathsWorld1729/notes-and-resources,2
jdlnotes/notes-repo-public,2
binovo/knowledge,2
jordihoven/notes,2
taibytedx/kb,2
lasse16/notes,2
parkingsoju/second-brain,2
RicardoCR98/second-brain,2
DaveHarrington/notes-ai,2
arthyn/notes-prototype,2
wallytutor/notes-book,2
luisherautevgood/notes,2
pfitzer/notes,2
ologoalx49996210/notes,2
gonzoguajardo/org,2
gregogalante/knowledge,2
harsha-2024/notes,2
j6dtt/notes,2
elazdi-al/notes,2
Bobyyyyyy/notes-magistrale,2
aprhyvs/notes,2
doitwithbrio/notes,2
shubhangi-singh27/notes-buddy-ai,2
rb5820/knowledge,2
wangming-585/notes,2
mosycr/thoughts,2
jakelevi1996/notes,2
ivelichkovich/org,2
beijing4444/Notes-work,2
KiriAky107/Notes-Articles,2
jenasatyajit/BrainDump,2
fabian20ro/second-brain,2
acortez-az/notes,2
nguyen365-build/notes,2
gong-inc/org,2
ztoiax/notes,2
predator4hack/notes,2
pantry0roa/notes,2
vestee-ai/knowledge,2
KoHo512/kb-workspace,2
weibinzhu/second-brain,2
Igufu/notes,2
h-zzz-mitc/notes,2
therapytools/notes,2
celowiz/second-brain,2
rijula07/notes-and-knots,2
imaoki/kb,2
GuidoAmici/second-brain,2
KyleAlanJeffrey/notes,2
fredrikj31/thoughts,2
devsiddhant/notes-md,2
apollo2k4/notes,2
Yrighc/notes,2
riyadmahfoudi/KB-Tool-Forterro-v1.1,2
divyanshgoyal18021995/DG-MyRepository-Fork,2
KirillBaranov/kb-labs-devlink,2
denniskrar/notes,2
Canon-Regularis/notes,2
socks-tjzjtm/dg-koiizado-,2
adilgz1/notes,2
jainnagrail/notes,2
acartophanbobson/notes,2
SHIHAN-SHOUKATHALI/notes,2
gdemare/notes,2
HarveyYan-hy/Notes-and-Replications,2
liuzhaji-ship-it/KB-codex,2
gitnaah/notes,2
jgmikael/ideas,2
danny-shaoukari/notes,2
LV-ZHU/notes,2
slr71/notes,2
sichelski-j/notes,2
parampavar/notes,2
dvtate/ideas,2
Saurabh0062/notes,2
faizul118/notes-by-gitnote,2
teaganjames-dev/kb-update-request,2
shyzees/notes,2
ian-png1/notes,2
ASafaeirad/knowledge,2
hdp617/org,2
dmnozha/notes,2
aroo00/knowledge,2
zhiqiangxu/notes,2
Bubenture/notes,2
grainposti042/notes,2
TCA166/notes,2
Sidney-Bishop/notes-to-icd10,2
Rahul-k25/notes,2
Iriax72/notes,2
myohunshengquier/notes,2
StemCenterGU/notes,2
bloodykheeng/notes,2
Hades2077/Notes-6,2
changkun/ideas,2
sergiosilva2023/notes,2
knodechtref/notes,2
attoh-ify/notes,2
Johan-Liebert1/notes,2
mykyta-mokhynia/notes,2
vishwesh-pujari/notes,2
jumby42/KB-Navigator,2
Nikhil78601/notes,2
caffeinepub/batman-gotham-roam,2
Ihcnurnat/Notes-Algebraic-Geometry,2
LordDashMe/knowledge,2
mspabitwar/notes-books,2
boettinger/second-brain,2
8483/notes,2
GianniBuoni/second-brain,2
mfuchs1/org,2
yiooooo/dg-declaration-extractor-new,2
selfknoww/notes,2
kurtamohler/notes,2
amkyawdev/knowledge,2
brian-wang07/notes,2
rdhillbb/thoughts,2
CleverCharon/DG-MoLE,2
rutgerbeltman/notes-on-clojure,2
artlek/notes,2
ohnotnow/gtd,2
yasserrun/notes,2
Preetibansal08/second-brain,2
lalomorales22/second-brain,2
singhprateek5720-jpg/second-brain,2
meshidenn/knowledge,2
divoky/kb,2
Ryeliu/knowledge,2
ciriusblack13/second-brain,2
BEMBOOMER/ZET-M-OP,2
stevleibelt/notes,2
caBattista/notes,2
PritomKarmokar/notes,2
robbiestoffel/notes,2
hearot/notes,2
Musafir02/notes,2
golfandcode/thoughts,2
vtajzich/notes-skeleton,2
daniel-beard/org,2
byrlotz/notes,2
emacs-straight/denote,2
at445/notes,2
jbragg/notes,2
shogogoto/notes,2
o3fibio/notes,2
Jollywatt/notes,2
Pancho28/second-brain,2
Natalia-Myshenkova/notes-blended-js,2
technobuddha/knowledge,2
jasonjeremiahleite-a11y/NOTES-Smart,2
bchassoul/notes,2
TariqueMdHasan/notes,2
marcusvoelkel/notes,2
huaminghuangtw/Notes-to-Self,2
dienvt/second-brain,2
alexguimenti/second-brain,2
Mediwateyash/Notes-For-Fullstack,2
MAGO-Yong/notes,2
gokuls-codes/notes,2
jeesomund/notes,2
PeterZhang9595/Notes-26-spring,2
Mashatt12/notes-mk,2
mmurygin/notes,2
maxistar/notes-md,2
nanji0515/second-brain,2
genskyff/notes,2
NONONOexe/knowledge,2
YumingHuo/notes,2
dcruver/org-roam-second-brain,2
Aaidt/second-brain,2
maxencetholomier/knowledge,2
tyngoc1912/notes,2
swordstraw/notes,2
fiqqq225/notes,2
dgelesolutions/dg-el-sol,2
Amanmeena002/notes-store.,1
alexisjv/ideas,1
gratach/thoughts,1
duranserkan/notes,1
Sabeeh024/notes,1
jiaxu-wang/notes,1
LiukScot/notes,1
Owl-Boy/notes-latex-to-typst,1
potistudio/Braindump,1
ZVanoZ/notes,1
kylethacker/notes,1
rbmr/notes,1
RoshTzsche/notes,1
gregtennan/notes,1
GGRoy03/kb,1
Rohit-kumar-raja/notes,1
wangsrGit119/notes,1
ohhfishal/notes,1
elmago116/notes,1
gam3r-tux/notes,1
javier-nogales/knowledge,1
alihew841/notes,1
open2bizz/knowledge,1
KB-Ding/KB-Ding,1
colelamers/notes,1
Hruchankova/notes,1
iamShimanto/notes,1
ssdomei232/kb,1
InLoveNight/notes,1
ShouldWork/roa--welcome-roamer,1
0xSRS/second-brain,1
kokizzu/notes,1
michaeljveltman-sudo/second-brain,1
ruanjiayou/notes,1
EanKotadia/BrainDump,1
CrowsFlock/notes,1
DavisRayM/notes,1
kshamabn25-collab/notes-by-kshama,1
CoryBorek/notes-md,1
indiejoseph/notes,1
Ver0097/knowledge,1
morgancambell8-star/WiFi-Smart-Roam,1
howard-cho/notes,1
andrewrlynch/notes,1
ScholesAcg/notes,1
austinjuri/notes,1
YotaYota/notes,1
primaryshazi/notes,1
myinnervoid/Memexicanisimos,1
vishal12300/notes,1
volvet/notes,1
bugsbugsbux/notes-on-nix,1
Elzabeth-L/notes,1
Teeheene/notes,1
corporate-enthusiasts/ideas,1
Elohia/second-brain,1
Abhinavan2004/Notes-Marketplace,1
01010001/notes,1
ahmedkhattaba/ideas,1
caspersly/second-brain,1
Akshanshs-sharma/Notes-Documents,1
karthick-sothivelr/LangMemExp,1
yunyoungjun50-source/DG-alcohol,1
Tso0811/notes,1
Fparaiz0/notes,1
Michel2096/notes,1
Olegerorr/notes,1
nalbaeksoo/dg-host,1
nyvanga/notes,1
aoisummer/notes,1
fwindolf/kb-rs,1
idleeyan/Notes-and-Prompts,1
AveryanAlex/memexpert,1
RagerFort/notes,1
csu-fangjun/notes,1
975341610/second-brain,1
Liliii2/notes,1
Suturin-Daniil/KB-102_SKAT_2025,1
Marko-Programmer/notes-spa,1
eightingde/notes,1
davidpueyosalud-stack/gtd,1
radleycardente/braindump,1
riyadmahfoudi/KB-Copilot-Forterro-v1.1,1
MineJPGcraft/knowledge,1
AkaWasalu2/BrainDump.exe,1
t4sk/notes,1
Harden-Fly/Wechat-mini-program-Aperture-Roams-Loving-the-Eyes,1
aliakins/notes,1
attilasimon-gsdgroup/notes,1
androbat11/notes,1
zeroDivZero/notes-mermaid,1
benturnkey/notes,1
aleaf-s/notes,1
protesilaos/denote,1
dg-ac/dg-ac,1
robinr10122002-spec/notes,1
0xshubhs/notes,1
kenkoyuki/notes,1
Katrovsky/notes,1
abbasshafi/Notes-Books,1
BrandonFnts/notes,1
egganto/notes,1
kamala-nayana/notes,1
ziolbebb/notes,1
jungskky/knowledge,1
ritika-gehani/second-brain,1
teeranon124/second-brain,1
hayashiwasamon/notes-of-a-mercenary-samurai,1
tonthaisec/knowledge,1
y00000nj/kb-its-your-life-7,1
des0lt/notes,1
minakshi2810/notes,1
jingzhi-am/notes,1
elonehoo/knowledge,1
saladbkp/notes-sec,1
zjuadurey/notes,1
an-jiohh/notes,1
Benji19967/notes,1
dan94k/notes,1
qzhodl/notes,1
joanschwar/notes,1
MochiaoChen/notes,1
mindest/notes,1
damianooldoni/notes,1
hzouda/notes,1
sp-brj/kb-smartprocess,1
DragnelProjects/notes-01,1
dnewcome/memex,1
mcsrainbow/notes,1
Rahuketu86/memexpaas,1
michalfisercz/notes,1
sinoroc/kb,1
Alirezayv1378/knowledge,1
urbanhillebrand/notes,1
fzh890523/notes,1
wanghe1531/knowledge,1
RLRabinowitz/org,1
orendricter900/notes,1
illusOwo-ff/notes-of-weidongshan-drivers-lessons,1
sgf227/knowledge,1
tomkolovratnik/notes,1
kmrsfrnc/notes,1
merttmutlu/notes-stack,1
AnandChowdhary/notes,1
iamthomasremy/kb,1
leoricmaster/notes,1
kirameister/notes,1
RainbowMango/org,1
tnichols217/notes,1
labvelev/notes,1
pawel002/notes,1
ChihChengLiang/notes,1
michaelalber/second-brain,1
jjk-g/org,1
atulvishw240/notes,1
owncloud/notes,1
carlosjustgit/KB-Builder,1
a-givertzman/notes,1
REXAR-GAMES/DG-launcher,1
3feet-lim/kb-dev-sandbox-tf-env,1
tarsiiformes/org,1
wka-jamesu/notes,1
tail7pants/notes,1
nvkhedkar/notes,1
rich1e/notes,1
yin1027/notes,1
KirillBaranov/kb-labs,1
itibbers/notes,1
frenchdefector/notes,1
cekokituma/notes,1
EkaterinePapava/Notes-up,1
lishuhang196/notes,1
mahdiXak47/notes-to-do,1
jonananas/knowledge,1
vanadium23/notes,1
baloise/org,1
puxiao/notes,1
flaviosilveira/notes,1
jessesadler/notes-tidyverse,1
havassy/kb,1
marcosvega72/notes,1
kaityo256/notes,1
m3m0rydmp/Notes-Obsidian,1
firy-lgtm/notes,1
BrandenXia/notes,1
pindos11/notes-maintainer,1
Lal-Jr/BrainDump,1
nreese/notes,1
ab300819/knowledge,1
rickdgray/notes,1
SarahJaneRoss/second-brain,1
Keron9/kb-captured-moments,1
pydantic/braindump,1
xynree/notes,1
MisacAguilar08/notes,1
marimaa09/notes,1
VBand01/ideas,1
robabmahmoudi66-hash/ideas,1
madhankumaregd/notes,1
aragaer/org-roam,1
imabwahab/notes,1
devgraduan/notes,1
scytacki/ideas,1
onjackay/notes,1
jsgilmore/second-brain,1
breadchris/notes,1
rohanishervin/kb,1
cekYc/zet-lang,1
ACC-Style/BrainDump,1
Anocoia/DG-LAB-Computer-Use,1
faAnton/notes,1
soop3k/notes,1
maffzz/notes,1
LuckyFoal/notes-repo,1
michaelchen1225/Notes-Directory,1
avawg/notes,1
Yyax13/notes,1
ufsit/notes,1
thaoperu/notes,1
vjuranek/notes,1
johnrice121/notes,1
cezary-ptaszek/gtd,1
26-AMoore/notes,1
hirvenitinofficial-eng/notes-temp,1
AkashKishore-Mukhia/Notes-Repo,1
vinay-kumar-ps/notes-golang,1
kotadurga2027/notes,1
chinedufn/knowledge,1
dcnu/braindump,1
redfelix15/notes,1
dgframe/dg-http,1
UOM-EEE-EEEN11202/notes-part1,1
ZucchiniY/org-roam,1
johnalberto/gtd,1
mateuszz4/notes,1
hungcat/notes,1
Krupko/ideas,1
caerwynj/notes,1
ICTSander/notes-tasks,1
Comet966/Notes-for-Communication-Principles,1
anujpareek/notes,1
kamogelomosiah-code/ideas,1
Victor-Pad/notes-to-exam,1
bexoo/notes,1
p4sttt/notes-Basic-RL,1
Alaaeldinn/notes,1
manhtric15/notes,1
sarayootSkoo/knowledge,1
poochwashere/notes,1
marswerder/notes,1
stavgian/notes,1
mhartsfi/notes,1
p4sttt/notes-Deep-Learing,1
brocktopia/notes-at,1
mrvisdon37/notes,1
loitdev/notes,1
abowman-5784c/notes,1
dhp3333/knowledge,1
DoodlePooge/notes,1
Eroxl/Notes-Renderer,1
akamitequel/notes,1
david78huang/notes,1
ruanyf/notes,1
kiruko1025/notes-math,1
gehel/notes,1
vinswu/notes,1
Gurjitsinghdev/notes,1
kventin-inc/notes,1
mohanagr/braindump,1
nimdaghlian/memex,1
kevbost/kb-js-object-game,1
terryoy/thoughts,1
chrispetpow/notes,1
pencroff-lab/kb,1
ssaisriharsha/notes,1
nicolas-vivot/second-brain,1
Jau99/MemeX-,1
akshit3021/notes,1
Kosh-q/ideas,1
sisphus/notes-for-BAGU,1
imaddde867/second-brain,1
dgframe/dg-validation,1
agentarcana/second-brain,1
mellowcoffee/memex,1
not-njau/llm-council-roam,1
DeclK/notes,1
arnold518/notes-helper,1
ijoel/denote,1
GeorgePap-719/notes,1
EduGonO/notes,1
vstinner/notes,1
usernamearima/notes,1
jikuohong/notes,1
salimbene/notes,1
yuvenhol/second-brain,1
vinuthna-02/dream-roam,1
HoloNine/notes,1
UltimateBrent/denote,1
lachlansc/notes,1
nanko97/ideas,1
a1ip/notes,1
INBMA0433L/notes-2026,1
kisonar/notes,1
chas3air/Notes-NoteService,1
mrwaim/notes-feed,1
ZEwsa1-hash/notes,1
avinxshKD/Notes-Processor,1
HanphoneJan/notes,1
adielbm/notes,1
damien-rembert/notes,1
GabrielMendessDev/BrainDump,1
bonatolasa/notes,1
dev-hack95/notes,1
iam-arjun-n/DG-PurchasePricing,1
yiyuaner/notes,1
vimo-ai/memex,1
EliotKhachi/zet,1
top-secret666/notes,1
wisesky0/knowledge,1
mdpiper/knowledge,1
AbdullahRizwankhan/NOTES-DES-COURS,1
este3v2/second-brain,1
CAYdenberg/memex-2026,1
Harutaizumiya/DG-LAB-Buckshot-Roulette,1
RASHOAIR5/org,1
Dalbonyang/knowledge,1
priyanshu00007/Notes-lite,1
kyuangok/notes,1
Inevitabby/notes,1
aril2004/notes,1
sriaweight/notes,1
yeying-community/knowledge,1
tianshizhimao-sudo/second-brain,1
chelle-c/second-brain,1
yunguoran/notes,1
ParthGiriGoswami/notes,1
richardwesthaver/notes,1
cheekfir05/notes,1
dan3577/notes-worker,1
PanosNB/ideas,1
vsr83/notes,1
G1thub-05/Notes-Book,1
Rajarshdevpandey/notes,1
Lufay/notes,1
samfreund/notes,1
tecnotrebol/org,1
BibleFarm/org,1
JustinRoderick/notes,1
grantcarthew/notes,1
ssdebraege/notes,1
MrShubhSharma/notes,1
sarainifor/kb,1
xiaoxiang8825-ux/knowledge,1
keeblee/kb,1
Drray-wise/notes-formatter-pro,1
securegns/notes,1
irinbmi/notes,1
aserehal/DG-Escape-Room,1
angeya/notes,1
KaiDevNotes/notes,1
jeffreycut/notes,1
iniqkyyy/notes-2,1
WonderInventions/n8n-nodes-roam,1
glitch-trading/knowledge,1
kavia-common/notes-organizer-336152-336168,1
AlexandrShapkin/knowledge,1
MohitGoyal09/MemexLLM,1
Aslamhowlader/Notes-for-Professionals-many-subject,1
e-com-i/kb-masale-admin,1
codelessfounder/second-brain,1
ccieno/kb,1
kamaze1434-alt/kb-iCog-Neural-Network,1
zeroDivZero/notes-python,1
sakjienakornerde/notes,1
anjil06/notes,1
liuguofeng-java/notes,1
Rudich0/Notes-and-Reminders,1
cloud-neutral-toolkit/knowledge,1
kadkmas/notes,1
kineticdirt/Notes-Blackwall,1
Ganeshdaiacademy/org,1
rub78majiti/notes,1
ohdy518/notes,1
facundofernandezmiguez/notes,1
princekumar1291/notes,1
gregor190/ideas,1
aniuzhong/notes,1
correl/org-roam-export-backlinks,1
Klodii/notes,1
brocktopia/notes-at-firebase,1
raulmenezes/second-brain,1
timtakcs/thoughts,1
Arik-code98/notes-db,1
UaltarH/notes,1
qichi77/DG-DDI,1
maheshrijal/notes,1
ledongthuc/notes,1
Pdanniel2008/notes,1
chipsenkbeil/org-roam.nvim,1
lingyu11/notes,1
frikke/notes,1
rahulcod-3333/Full-stack-roam,1
mabhi1287-dot/notes,1
jrcribb/notes,1
sebastian-henry/org,1
dreikanter/notes,1
sabre1041/org,1
mgemard/notes,1
haroonahmad256/Notes-of-different-Programming-Languages,1
archibrut1-debug/KB-training,1
Renu-Cybe/notes,1
manoranjanlenka314-rgb/Notes-for-j.s,1
caijunfei-max/Notes-and-used-codes,1
apxahre1eon/notes,1
ismael-mt/dg-escrbcc,1
queelius/memex,1
arsh-siddiqui/knowledge,1
dfob39/notes,1
zhanglpg/notes,1
sagarniroula112/notes,1
Ashley0909/DG-CoLearn,1
huangzuomin/notes,1
gaohaizhao-fenrir/notes,1
leonshih0907/Notes-Analysis,1
arasandt/notes,1
amicoleo/notes,1
ivals-baste80/notes,1
daninohava/notes,1
mikelyngaas/KB-proto,1
lucid-jin/second-brain,1
asgeneralov/notes,1
FleetingLore/notes-spirit,1
youthzhan/notes,1
dainiusjocas/notes,1
limesty/knowledge,1
wl-007/notes,1
delgado-jason/notes,1
nshan651/consult-org-roam,1
ARSadri/ideas,1
XibalbaTechSol/second-brain,1
rakmob42/notes,1
arturgomes/kb-skills,1
krishnapriya-26/notes,1
cylucw/notes,1
tiradavid9/notes,1
avalidurl/gokhan-memex,1
DG-LAB-OPENSOURCE/DG-LAB-OPENSOURCE,1
KevinBlandy/notes,1
hasan-bro-coder/notes,1
phoy/notes,1
Crazy-ChenMiLin/notes,1
AntonKorn/BrainDump,1
yugantshewale/notes-yugant,1
zhangqi6627/ideas,1
Skytech574/notes,1
kswag72/DG-LAB-Wave-Editer,1
8ku/notes,1
stepedoan/notes,1
JarryChung/notes,1
EricEisaman/notes,1
poojashrimanikandan/notes-making,1
ecycodes/notes-and-tasks,1
AI-Engineering-Insider/org,1
emacsmirror/denote,1
donnigundala/dg-http,1
galwein/second-brain,1
AhmedGharsallah/Notes-Time,1
andinelinggap/braindump,1
pravk03/org,1
JetJadeja/second-brain,1
rT0210/notes,1
ssarkar2/notes,1
Czy014/notes,1
javanationalist/notes,1
antonveijola/notes,1
brianmatzelle/notes,1
Carlos-Mero/thoughts,1
ivijy/notes,1
fiveohhh/notes,1
snowdensb/braindump,1
Hariveerj/notes,1
baloise-incubator/org,1
zhangenming/notes,1
GaneshKar1/notes,1
aksunlight/notes,1
lextoumbourou/notes,1
GreaterCode/notes,1
mm4979351-lang/notes,1
stamia2/kb,1
SUSE-Enceladus/keg,1
zhaoyixing/notes,1
Vini-SCandido/notes-rpg,1
aravindchi/notes,1
0x0Axlw/Notes-network,1
dburian/notes,1
Xephein/notes-galore,1
julientrav/notes,1
kaif5haikh/notes,1
prarabdha-soni/notes,1
future314/notes,1
anti-ai-member/kb-coder,1
milorigbaum/notes,1
Pedro-AugusCoelho/notes,1
monees007/notes,1
nick0der/notes,1
ErikPillon/second-brain,1
ytoso/Notes-Stochastic-Processes,1
pothosweb-gif/ideas,1
grubbyhacker/thoughts,1
lmazure/notes,1
tylerbrazier/notes,1
samlaying/KB-konwlege,1
stefanhepp/notes,1
huanyv/notes,1
yangjing/knowledge,1
parky93/braindump,1
flyaways/notes,1
AndrewOnozuka/notes,1
yogitami/notes,1
geniomdev/notes,1
rianrosenb/notes,1
KirillBaranov/kb-labs-ai-review,1
hershkumar/notes,1
CypherkingJD/notes,1
bomuhime/notes,1
vtmx/notes,1
ngchthien/notes,1
Raphael-W/notes,1
j4ckmmd/notes,1
Ricard0ugh/notes,1
andmalc/notes,1
Jaxov/notes,1
lucas161122/ideas,1
Shailo2002/notes,1
FalixNodes-Software/KB-articles,1
alfaizpathan21/Notes-all-in-one-,1
jimmygill7014/kb-vs-bees,1
daggusaiteja961911/Notes-For-Preparation,1
Hob-dev/notes,1
605437189/notes,1
margotsadie/second-brain,1
pritam-max-star/notes,1
nizarajroud/kb-context-switcher,1
yodahuang/notes-v2,1
veging/notes,1
callmefad1/notes,1
varsha13-tech/second-brain,1
maykenman/notes,1
soltesz-lab/DG-Interneurons,1
kyle-tennison/notes,1
SleepyRiceYang/DG-PRM,1
viewsail/notes,1
kennsongyou/knowledge,1
eltoro73/braindump,1
ccoskrnl/notes,1
naiih001/notes-laravel,1
madscientist-1939/notes,1
ai-tuner/notes,1
bpmi/knowledge,1
ped-ro/memex,1
nikhildofe/notes,1
ocrosby/notes,1
rajib-alt/Notes-vault,1
starfei/knowledge,1
botaemeveryday/notes,1
paranoidPhantom/notes,1
SensoryBridges/notes,1
guto2022/KB-debugging-playbook,1
up-g2l/notes,1
kumardharun607/notes,1
feederbox826/notes,1
rt-openclaw/memex-claude,1
sarfutoss/Notes-by-sarfu,1
santhoshmkgcp2/notes,1
NicolasRamonm/kb-buscador-de-carros,1
james-andrews-coulter/notes-link,1
tomcotter7/notes,1
katoudevb/knowledge,1
shharsnary/notes,1
ifurlovio8/notes,1
voidReq/notes,1
KohKoh-Nut/Notes-Public,1
emacsmirror/org,1
chaoss3213/gtd,1
ottojung/notes,1
MacIntyre-22/notes,1
tugrulates/notes,1
GaganGoswami/notes,1
meeexcv-lang/kb,1
deer-jay/notes,1
SlavicXiao/Notes-OpenGL,1
DR04VM/kb-dr04,1
srishanthreddy456789/notes-interview,1
demstar16/notes,1
NiurkaDayasi15152007/notes-the-,1
Bruce8668/second-brain,1
sangeeth-sadanand/notes,1
jeeva-2008/org,1
nninnnin/memex-exodus,1
LiberoBiagi/Notes-Nova-IMS-25-26,1
chaizjhh/notes,1
dogdc/notes,1
yookax/notes,1
SharktoothActual/notes,1
sunilhari/notes,1
randomDEVde/DG-Learner,1
yanader/notes,1
flaviano-faria/notes,1
anshulrawat2507/second-brain,1
mohitdit/notes,1
piduguvishnuvardhanreddy/notes,1
DG-OpenClaw/DG-openclaw-memory,1
polyptyque/notes,1
yyyyyyydp/notes,1
ericfransen/notes,1
mytechstack/notes,1
RikuFushimi/notes,1
andyo-kr/notes,1
pictsimli/notes,1
humankernel/notes,1
rashash-io/notes-thinkboard,1
MrSpaghatti/notes,1
proshielddev/notes-pwa,1
Bost/notes,1
anderseel/notes,1
aks151/notes,1
Grewer/notes,1
moisesvargasjr/notes,1
vikassrivastava18/notes,1
SMGhulam29091993/second-brain,1
torontopubliclibra/notes,1
Spoje-NET/kb-statement-tools,1
EntropyXi/notes,1
M1niplayer/notes,1
vbarbarosh/notes,1
sjwhwbg/notes,1
datdev2409/notes,1
JefferyXie/notes,1
vitorpp10/notes,1
ravidosa/notes,1
amirighdy/notes,1
jakudevire/notes,1
Miszkek/notes,1
hedglen/notes,1
lautaro-iridia/notes-mvp,1
JNMYNG/kb-git-basic,1
djwackey/notes,1
SantosVilanculos/notes,1
rupadarshiray/notes,1
BassMatiOnCode/kb-electronics-digital,1
xx-blbl-xx/notes,1
kjleitz/notes,1
siapandin-ream0/notes,1
0xjgv/thoughts,1
acosta-gonzalo-agustin/notes,1
shamsinho10/notes-linux.md,1
sobraswori/notes,1
tomfriwel/notes,1
Maetzu4/notes-big,1
kiruko1025/notes-tcs,1
ffslight/ideas,1
omeralphandary/ideas,1
thitiph0n/second-brain,1
bradautomates/second-brain,1
bdmohammed/notes,1
mjm1327/second-brain,1
pagaladm/notes-repo,1
pranjal-glowingstar/knowledge,1
AKSHAT126734/second-brain,1
thehaudedai/ideas,1
labudis/ideas,1
ivancubela/kb,1
lvhangyu/knowledge,1
Shivani367/notes,1
pymca/notes,1
yanxin152133/notes,1
Mamiglia/notes,1
coolxv/knowledge,1
wt3c/notes,1
liuxin19960729/notes,1
leiladure/notes,1
dev-penniel/notes,1
cforcomputer/ideas,1
BoredDam/notes-to-self-and-utils,1
yndajas/notes,1
thisiskarthick-5/notes-network,1
NavSirohi/Notes-Cohort,1
amanraj8797/notes,1
xinoip/notes,1
Vinayak1714/notes,1
enekoisid/notes,1
moduon/knowledge,1
Qu-Ack/notes,1
levelrin/notes,1
ghost0001ok-lab/notes-,1
DATBOI-MAYANK/Memex,1
ytrms/notes,1
jonathanMweiss/notes,1
beriberryz/notes,1
cervoliu/kb,1
mawais003/notes,1
taip26/notes,1
NixOS/org,1
shaneutt/org,1
7mdt/notes-and-implementations,1
uncommonde4th/notes,1
liver17bur/notes,1
liaKing/knowledge,1
alexcoder04/notes,1
mountainsaremountains/org,1
jay94ks/notes,1
jthulhu/notes,1
SwannedLakee/notes,1
prahalad-S/notes,1
englosand/notes,1
alirezado/notes,1
luiscasalas16/notes-sql,1
LeanderZiehm/notes,1
ytinirt/notes,1
benthamite/org-roam,1
bibitunggulscythe/notes,1
efokujypuc/notes,1
chiupinchen/ideas,1
jdj355/KB-,1
kavia-common/notes-organizer-336152-336167,1
Kulwikowska/notes,1
nishankhareln/Notes-Collection,1
chargeduck/notes,1
aliafsahnoudeh/ideas,1
ideamans/notes,1
lemokami/notes,1
muneeb-ur-rahman01/org,1
adamaiken89/notes-2025,1
divyanshgoyal1802/DG-introduction-to-git,1
yaoyorozunodata/knowledge,1
CherryYin/knowledge,1
DipansuSahu/DG-Tween-Tools_Abhishek,1
fox3000wang/notes,1
ZimingH1999/knowledge,1
joan-fito/notes,1
mr-mizanur/notes,1
N-Dibble/notes,1
mark2185/zet-map,1
parunsen1/notes,1
loredev10/kb-12-oap,1
zzhwaw/kb-tkit-assalaam,1
88899/notes,1
macbblambs/notes,1
fspreen/notes,1
desmondliang/ideas,1
MedAmine-01/notes,1
mandltf/Notes-TCC,1
ApexAILab/second-brain,1
mordvn/kb-hall,1
HantigC/notes,1
ryan4yin/knowledge,1
Anshikakushwaha123/KB--Quiz-Game,1
cflv5/notes,1
Navneethd8/notes,1
gnl00/notes,1
pratikbhatkar/Notes-With-Obsidian,1
edtechdev/notes,1
douzh/kb-one,1
young1lin/notes,1
lpdahito/knowledge,1
djdanielsson/org,1
AmetrasIntelligence/knowledge,1
SamuelLarkin/kb,1
NeuroCards/org,1
trnnick/notes,1
brendanjchung-gif/knowledge,1
IraneNovinOrg/ideas,1
candocker/knowledge,1
VISHARAD17/notes,1
briancours/notes,1
GTpyro/knowledge,1
anikamustudy/kb,1
lunarust/kb,1
BitRanger/kb-sq,1
subhajitsahadev-cmd/dg-automation,1
aviraL27/second-brain,1
ProgrammingDrak/second-brain,1
shrinibk/notes,1
ejmastnak/notes,1
angelhossc/notes,1
anishjadhav5004/notes,1
smusali/ideas,1
mrwibbles/notes,1
lbellows/notes-in-markdown,1
ribozone/notes,1
Hogemura/notes,1
iarunanshu/notes,1
dcruver/org-roam-ai,1
yjing-833/notes,1
TheFrozenFire/free-to-roam,1
KIRAZINA/notes-full,1
kevbost/kb-meetup-snabbt,1
komori-flag/notes-md,1
memexcore/memexcore,1
Avirup2509/KB-Document-Prediction-,1
atorli/notes,1
Sang-Weon/KB-Foward-Looking-RORWA,1
sdewis/dg-lab-opensource-english,1
hcbayram/knowledge,1
tkunow/notes,1
sneakyturtle270508/second-brain,1
josephhyperlink/KB-Gamea,1
geeofree/notes,1
achetronic/memex,1
DEEPAK-2008-I/denote,1
xbaux/notes,1
amattn/notes-md-skill,1
code-with-sage/notes,1
org-science/org,1
marmentinsont/notes,1
FelipeFa6/notes,1
bsommers/notes,1
DmitriiKn/notes-of-an-offer-hunter,1
MopLand/notes,1
chanse-syres/notes,1
yumtaufikhidayat/notes,1
aarush-luthra/second-brain,1
abi23456/notes,1
ICONSOF/kb-public,1
nimbuswiztech/Notes-dec25,1
ploff71/notes,1
VJatla/notes,1
carizde123/notes,1
numinohyhi/notes,1
rodrigoceloto/kb-skill-creator,1
louka4363-ai/kb-discord-proxy,1
BKell-Dog/knowledge,1
emacs-straight/org,1
Ali-Bhatti/notes,1
sbassist80-cyber/zet-kanban,1
YekaHun/notes,1
EIMadrigal/notes-infra,1
brayanJhoany/notes,1
pashupati-git/Notes-of-dart_flutter_gitcommands,1
Iamcodio/braindump-sessions,1
shirsakm/notes,1
yibochen416/notes,1
ThomasRoest/braindump,1
gp-maeno/ideas,1
gooberholtzer/notes-to-waveform,1
OrenBochman/notes-rl,1
prateek-4/notes,1
lexingtoun/notes,1
dhairya2801/notes,1
apscrap/notes,1
reacheight/kb,1
dwamenad/notes-messaging-prototype,1
vanonselenp/second-brain,1
shofiaqilah/notes-tugas2-tcc,1
cherrycreamsoda/notes-by-cherrycreamsoda,1
agoodno/notes,1
kuldeep1111111/notes,1
gk2803/denote,1
sneaky-potato/notes,1
haruhiko-mp4/notes,1
nits124/notes,1
pkhungurn/notes,1
DreadedGScripts/dg-discord,1
khakhalin/notes,1
tututuka/notes,1
myysophia/ideas,1
hlhomaee-del/org,1
kavia-common/notes-organizer-336152-336166,1
WONISHI/knowledge,1
daisy/kb,1
osmaelo/notes,1
kashyaptushar1/second-brain,1
huifurepo/dg-payment-skills,1
maotai11/kb,1
skin9recor/notes,1
bemend23/kb-tracker,1
V-Grigory/notes,1
VictoriaSlayer/knowledge,1
drrouscori1/notes,1
duroteus/notes,1
outnew03-commits/notes,1
lidenga34/notes,1
codewithmonil/Notes-Devops_For_Lazy_People,1
DANXN233/notes,1
samusevalex/notes,1
devhiteshk/notes-be,1
DoozieSoftware/second-brain,1
braindumpp/braindumpp,1
